country_key,country_name,form_id
AGO,ANGOLA,10267
NAM,NAMIBIA,15780
GHA,GHANA,3550
ZMB,ZAMBIA,4344
BEN,BENIN,4385
TGO,TOGO,4413
CAF,CENTRAL AFRICAN REPUBLIC,4434
TCD,CHAD,4445
BFA,BURKINA FASO,4459
CIV,COTE D IVOIRE,4479
COD,DEMOCRATIC REPUBLIC OF THE CONGO,4498
COG,CONGO,4997
NER,NIGER,5212
GIN,GUINEA,5297
CMR,CAMEROON,5710
SSD,SOUTH SUDAN,5772
LBR,LIBERIA,5887
SLE,SIERRA LEONE,6102
SEN,SENEGAL,6348
KEN,KENYA,6418
MRT,MAURITANIA,6427
UGA,UGANDA,6767
ETH,ETHIOPIA,6839
NGA,NIGERIA,7178
GNB,GUINEA-BISSAU,7585
MWI,MALAWI,7600
TZA,UNITED REPUBLIC OF TANZANIA,7612
MOZ,MOZAMBIQUE,7621
ZWE,ZIMBABWE,7980
MDG,MADAGASCAR,8279
DZA,ALGERIA,8587
BWA,BOTSWANA,8832
BDI,BURUNDI,9597
RWA,RWANDA,9793
